name,correctness,relevance,usefulness
runelite,0.8649748894770342,0.7426431844049839,0.47802348042091297
javaparser,0.813072250219879,0.8583295653154204,0.5498541666784039
assertj,0.8695938081617408,0.8131359800990625,0.5411687092861396
junit5,0.836292039710157,0.8342529394401594,0.5722475544635331