name,correctness,relevance,usefulness
junit5,0.8711318994938667,0.8075052855383935,0.5484171128102486
javaparser,0.7868853086554307,0.8307705769975737,0.5512213451090932
runelite,0.8649748894770342,0.7426431844049839,0.47802348042091297
assertj,0.8695938081617408,0.8131359800990625,0.5411687092861396