name,correctness,relevance,usefulness
junit5,0.9277619476835772,0.937571913151794,0.9267207156433409
javaparser,0.9000000000000001,0.9032257857080113,0.9053452277297863
